scope,package,max_severity,path,installed_version,root_lock_version,direct_advisories,via_dependencies
npm_installed,@puppeteer/browsers,high,node_modules/@puppeteer/browsers,2.3.0,2.3.0,,extract-zip
npm_installed,axios,high,node_modules/axios,1.7.9,1.13.6,https://github.com/advisories/GHSA-jr5f-v2jv-69x6 https://github.com/advisories/GHSA-4hjh-wcwx-xvwj https://github.com/advisories/GHSA-3p68-rc4w-qgx5 https://github.com/advisories/GHSA-w9j2-pvgh-6h63 https://github.com/advisories/GHSA-pmwg-cvhr-8vh7 https://github.com/advisories/GHSA-3w6x-2g7m-8v23 https://github.com/advisories/GHSA-xhjh-pmcv-23jw https://github.com/advisories/GHSA-445q-vr5w-6q77 https://github.com/advisories/GHSA-m7pr-hjqh-92cm https://github.com/advisories/GHSA-5c9x-8gcm-mpgx https://github.com/advisories/GHSA-vf2m-468p-8v99 https://github.com/advisories/GHSA-pf86-5x62-jrwf https://github.com/advisories/GHSA-6chq-wfr3-2hj9 https://github.com/advisories/GHSA-xx6v-rp6x-q39c https://github.com/advisories/GHSA-43fc-jf86-j433 https://github.com/advisories/GHSA-q8qp-cvcw-x6jj https://github.com/advisories/GHSA-fvcv-3m26-pcqx https://github.com/advisories/GHSA-62hf-57xw-28j9 https://github.com/advisories/GHSA-hfxv-24rg-xrqf https://github.com/advisories/GHSA-777c-7fjr-54vf https://github.com/advisories/GHSA-p92q-9vqr-4j8v https://github.com/advisories/GHSA-j5f8-grm9-p9fc https://github.com/advisories/GHSA-3g43-6gmg-66jw https://github.com/advisories/GHSA-35jp-ww65-95wh https://github.com/advisories/GHSA-898c-q2cr-xwhg https://github.com/advisories/GHSA-mmx7-hfxf-jppx https://github.com/advisories/GHSA-pmv8-rq9r-6j72 https://github.com/advisories/GHSA-7q8q-rj6j-mhjq https://github.com/advisories/GHSA-jqh4-m9w3-8hp9 https://github.com/advisories/GHSA-42h9-826w-cgv3,
npm_installed,basic-ftp,critical,node_modules/basic-ftp,5.0.5,5.2.0,https://github.com/advisories/GHSA-5rq4-664w-9x2c https://github.com/advisories/GHSA-6v7q-wjvx-w8wg https://github.com/advisories/GHSA-rp42-5vxx-qpwr https://github.com/advisories/GHSA-rpmf-866q-6p89,
npm_installed,brace-expansion,high,node_modules/brace-expansion,2.0.1,,https://github.com/advisories/GHSA-v6h2-p8h4-qcjw https://github.com/advisories/GHSA-f886-m6hf-6m8v https://github.com/advisories/GHSA-3jxr-9vmj-r5cp https://github.com/advisories/GHSA-mh99-v99m-4gvg https://github.com/advisories/GHSA-rgw5-rvv9-x895,
npm_installed,browserslist,high,node_modules/browserslist,4.23.0,4.28.1,https://github.com/advisories/GHSA-c83g-rgw3-j3cx https://github.com/advisories/GHSA-73wf-gq98-2v4g,
npm_installed,esbuild,moderate,node_modules/esbuild,0.21.5,0.25.12,https://github.com/advisories/GHSA-67mh-4wv8-2f99,
npm_installed,extract-zip,high,node_modules/extract-zip,2.0.1,2.0.1,https://github.com/advisories/GHSA-jmr9-qjv8-65gv,
npm_installed,follow-redirects,moderate,node_modules/follow-redirects,1.15.6,1.15.11,https://github.com/advisories/GHSA-r4q5-vmmm-2653,
npm_installed,form-data,critical,node_modules/form-data,4.0.0,4.0.5,https://github.com/advisories/GHSA-fjxv-7rqg-78g4 https://github.com/advisories/GHSA-hmw2-7cc7-3qxx,
npm_installed,glob,high,node_modules/glob,10.3.10,,https://github.com/advisories/GHSA-5j98-mcp5-4vw2,
npm_installed,immutable,high,node_modules/immutable,4.3.5,5.1.5,https://github.com/advisories/GHSA-wf6x-7x77-mvgw https://github.com/advisories/GHSA-v56q-mh7h-f735 https://github.com/advisories/GHSA-xvcm-6775-5m9r,
npm_installed,ip-address,high,node_modules/ip-address,9.0.5,10.1.0,https://github.com/advisories/GHSA-v2v4-37r5-5v8g https://github.com/advisories/GHSA-mwp4-54f8-5fhr,
npm_installed,js-yaml,high,node_modules/js-yaml,4.1.0,4.1.1,https://github.com/advisories/GHSA-mh29-5h37-fv8m https://github.com/advisories/GHSA-h67p-54hq-rp68 https://github.com/advisories/GHSA-52cp-r559-cp3m https://github.com/advisories/GHSA-5p4m-2wfm-xmqj,
npm_installed,minimatch,high,node_modules/minimatch,9.0.3,,https://github.com/advisories/GHSA-3ppc-4f35-3m26 https://github.com/advisories/GHSA-7r86-cg39-jmmj https://github.com/advisories/GHSA-23c5-xmqv-rm74,
npm_installed,nanoid,high,node_modules/nanoid,3.3.8,3.3.11,https://github.com/advisories/GHSA-28wg-ghj8-5hjv https://github.com/advisories/GHSA-2v37-7h3g-55p8 https://github.com/advisories/GHSA-xwg4-73v4-xw9w,
npm_installed,picomatch,high,node_modules/picomatch,2.3.1,4.0.4,https://github.com/advisories/GHSA-3v7f-55p6-f55p https://github.com/advisories/GHSA-c2c7-rcm5-vvqj,
npm_installed,postcss,high,node_modules/postcss,8.4.49,8.5.8,https://github.com/advisories/GHSA-qx2v-qp2m-jg93 https://github.com/advisories/GHSA-6g55-p6wh-862q https://github.com/advisories/GHSA-fxqj-rqcc-2cmp https://github.com/advisories/GHSA-r28c-9q8g-f849,
npm_installed,postcss-selector-parser,low,node_modules/postcss-selector-parser,6.1.0,6.1.2,https://github.com/advisories/GHSA-w9m9-85wc-3x92,
npm_installed,prismjs,moderate,node_modules/prismjs,1.29.0,1.30.0,https://github.com/advisories/GHSA-x7hr-w5r2-h6wg,
npm_installed,puppeteer,high,node_modules/puppeteer,22.15.0,22.15.0,,@puppeteer/browsers puppeteer-core
npm_installed,puppeteer-core,high,node_modules/puppeteer-core,22.15.0,22.15.0,,@puppeteer/browsers
npm_installed,rollup,high,node_modules/rollup,4.28.1,4.60.0,https://github.com/advisories/GHSA-mw96-cpmx-2vgc,
npm_installed,socks,moderate,node_modules/socks,2.8.3,2.8.7,,ip-address
npm_installed,tar-fs,high,node_modules/tar-fs,3.0.6,3.1.2,https://github.com/advisories/GHSA-vj76-c3g6-qr5v https://github.com/advisories/GHSA-8cj5-5rvv-wf4v https://github.com/advisories/GHSA-pq67-2wwv-3xjx,
npm_installed,vite,high,node_modules/vite,5.4.11,6.4.1,https://github.com/advisories/GHSA-vg6x-rcgg-rjx6 https://github.com/advisories/GHSA-x574-m823-4x7w https://github.com/advisories/GHSA-356w-63v5-8wf4 https://github.com/advisories/GHSA-859w-5945-r5v3 https://github.com/advisories/GHSA-xcj6-pq6g-qj4x https://github.com/advisories/GHSA-g4jq-h2w9-997c https://github.com/advisories/GHSA-jqfw-vq24-v9c3 https://github.com/advisories/GHSA-93m4-6634-74q7 https://github.com/advisories/GHSA-4r4m-qw57-chr8 https://github.com/advisories/GHSA-4w7w-66w2-5vf9 https://github.com/advisories/GHSA-v6wh-96g9-6wx3 https://github.com/advisories/GHSA-fx2h-pf6j-xcff,esbuild
npm_installed,ws,high,node_modules/ws,8.18.0,8.20.0,https://github.com/advisories/GHSA-58qx-3vcg-4xpx https://github.com/advisories/GHSA-96hv-2xvq-fx4p,
npm_installed,yaml,moderate,node_modules/yaml,2.3.4,,https://github.com/advisories/GHSA-48c2-rrv3-qjmp,
npm_git,@puppeteer/browsers,high,node_modules/@puppeteer/browsers,2.3.0,2.3.0,,extract-zip
npm_git,axios,high,node_modules/axios,1.7.9,1.13.6,https://github.com/advisories/GHSA-3p68-rc4w-qgx5 https://github.com/advisories/GHSA-w9j2-pvgh-6h63 https://github.com/advisories/GHSA-pmwg-cvhr-8vh7 https://github.com/advisories/GHSA-3w6x-2g7m-8v23 https://github.com/advisories/GHSA-xhjh-pmcv-23jw https://github.com/advisories/GHSA-445q-vr5w-6q77 https://github.com/advisories/GHSA-m7pr-hjqh-92cm https://github.com/advisories/GHSA-5c9x-8gcm-mpgx https://github.com/advisories/GHSA-vf2m-468p-8v99 https://github.com/advisories/GHSA-pf86-5x62-jrwf https://github.com/advisories/GHSA-6chq-wfr3-2hj9 https://github.com/advisories/GHSA-xx6v-rp6x-q39c https://github.com/advisories/GHSA-q8qp-cvcw-x6jj https://github.com/advisories/GHSA-fvcv-3m26-pcqx https://github.com/advisories/GHSA-62hf-57xw-28j9 https://github.com/advisories/GHSA-hfxv-24rg-xrqf https://github.com/advisories/GHSA-777c-7fjr-54vf https://github.com/advisories/GHSA-p92q-9vqr-4j8v https://github.com/advisories/GHSA-j5f8-grm9-p9fc https://github.com/advisories/GHSA-3g43-6gmg-66jw https://github.com/advisories/GHSA-35jp-ww65-95wh https://github.com/advisories/GHSA-898c-q2cr-xwhg https://github.com/advisories/GHSA-mmx7-hfxf-jppx https://github.com/advisories/GHSA-pmv8-rq9r-6j72 https://github.com/advisories/GHSA-mwf2-3pr3-8698 https://github.com/advisories/GHSA-7q8q-rj6j-mhjq https://github.com/advisories/GHSA-jqh4-m9w3-8hp9 https://github.com/advisories/GHSA-42h9-826w-cgv3,
npm_git,basic-ftp,high,node_modules/basic-ftp,5.0.5,5.2.0,https://github.com/advisories/GHSA-6v7q-wjvx-w8wg https://github.com/advisories/GHSA-chqc-8p9q-pq6q https://github.com/advisories/GHSA-rp42-5vxx-qpwr https://github.com/advisories/GHSA-rpmf-866q-6p89,
npm_git,browserslist,high,node_modules/browserslist,4.23.0,4.28.1,https://github.com/advisories/GHSA-c83g-rgw3-j3cx https://github.com/advisories/GHSA-73wf-gq98-2v4g,
npm_git,extract-zip,high,node_modules/extract-zip,2.0.1,2.0.1,https://github.com/advisories/GHSA-jmr9-qjv8-65gv,
npm_git,follow-redirects,moderate,node_modules/follow-redirects,1.15.6,1.15.11,https://github.com/advisories/GHSA-r4q5-vmmm-2653,
npm_git,form-data,high,node_modules/form-data,4.0.0,4.0.5,https://github.com/advisories/GHSA-hmw2-7cc7-3qxx,
npm_git,immutable,high,node_modules/immutable,4.3.5,5.1.5,https://github.com/advisories/GHSA-v56q-mh7h-f735 https://github.com/advisories/GHSA-xvcm-6775-5m9r,
npm_git,ip-address,high,node_modules/ip-address,9.0.5,10.1.0,https://github.com/advisories/GHSA-v2v4-37r5-5v8g https://github.com/advisories/GHSA-mwp4-54f8-5fhr,
npm_git,js-yaml,high,node_modules/js-yaml,4.1.0,4.1.1,https://github.com/advisories/GHSA-h67p-54hq-rp68 https://github.com/advisories/GHSA-52cp-r559-cp3m https://github.com/advisories/GHSA-5p4m-2wfm-xmqj,
npm_git,nanoid,high,node_modules/nanoid,3.3.8,3.3.11,https://github.com/advisories/GHSA-28wg-ghj8-5hjv https://github.com/advisories/GHSA-2v37-7h3g-55p8 https://github.com/advisories/GHSA-xwg4-73v4-xw9w,
npm_git,postcss,high,node_modules/postcss,8.4.49,8.5.8,https://github.com/advisories/GHSA-qx2v-qp2m-jg93 https://github.com/advisories/GHSA-6g55-p6wh-862q https://github.com/advisories/GHSA-fxqj-rqcc-2cmp https://github.com/advisories/GHSA-r28c-9q8g-f849,
npm_git,postcss-selector-parser,low,node_modules/postcss-selector-parser,6.1.0,6.1.2,https://github.com/advisories/GHSA-w9m9-85wc-3x92,
npm_git,puppeteer,high,node_modules/puppeteer,22.15.0,22.15.0,,@puppeteer/browsers puppeteer-core
npm_git,puppeteer-core,high,node_modules/puppeteer-core,22.15.0,22.15.0,,@puppeteer/browsers
npm_git,vite,high,node_modules/vite,5.4.11,6.4.1,https://github.com/advisories/GHSA-4w7w-66w2-5vf9 https://github.com/advisories/GHSA-p9ff-h696-f583 https://github.com/advisories/GHSA-v6wh-96g9-6wx3 https://github.com/advisories/GHSA-fx2h-pf6j-xcff,
npm_git,ws,high,node_modules/ws,8.18.0,8.20.0,https://github.com/advisories/GHSA-58qx-3vcg-4xpx https://github.com/advisories/GHSA-96hv-2xvq-fx4p,
npm_smartwizard,@babel/core,low,node_modules/@babel/core,not installed at path,,https://github.com/advisories/GHSA-4x5r-pxfx-6jf8,
npm_smartwizard,@babel/helpers,moderate,node_modules/@babel/helpers,not installed at path,,https://github.com/advisories/GHSA-968p-4wvh-cqc8,
npm_smartwizard,@babel/plugin-transform-modules-systemjs,high,node_modules/@babel/plugin-transform-modules-systemjs,not installed at path,,https://github.com/advisories/GHSA-fv7c-fp4j-7gwp,
npm_smartwizard,@babel/runtime,moderate,node_modules/@babel/runtime,not installed at path,,https://github.com/advisories/GHSA-968p-4wvh-cqc8,
npm_smartwizard,@babel/traverse,critical,node_modules/@babel/traverse,not installed at path,,https://github.com/advisories/GHSA-67hx-6x53-jw92,
npm_smartwizard,ajv,moderate,node_modules/ajv,not installed at path,,https://github.com/advisories/GHSA-2g4f-4pwh-qvx6,
npm_smartwizard,anymatch,moderate,node_modules/anymatch,not installed at path,,,micromatch
npm_smartwizard,axios,high,node_modules/axios,not installed at path,,https://github.com/advisories/GHSA-wf5p-g6vw-rhxx https://github.com/advisories/GHSA-jr5f-v2jv-69x6 https://github.com/advisories/GHSA-3p68-rc4w-qgx5 https://github.com/advisories/GHSA-w9j2-pvgh-6h63 https://github.com/advisories/GHSA-pmwg-cvhr-8vh7 https://github.com/advisories/GHSA-xhjh-pmcv-23jw https://github.com/advisories/GHSA-m7pr-hjqh-92cm https://github.com/advisories/GHSA-5c9x-8gcm-mpgx https://github.com/advisories/GHSA-vf2m-468p-8v99 https://github.com/advisories/GHSA-pf86-5x62-jrwf https://github.com/advisories/GHSA-6chq-wfr3-2hj9 https://github.com/advisories/GHSA-xx6v-rp6x-q39c https://github.com/advisories/GHSA-43fc-jf86-j433 https://github.com/advisories/GHSA-fvcv-3m26-pcqx https://github.com/advisories/GHSA-62hf-57xw-28j9 https://github.com/advisories/GHSA-hfxv-24rg-xrqf https://github.com/advisories/GHSA-p92q-9vqr-4j8v https://github.com/advisories/GHSA-j5f8-grm9-p9fc https://github.com/advisories/GHSA-3g43-6gmg-66jw https://github.com/advisories/GHSA-898c-q2cr-xwhg https://github.com/advisories/GHSA-pjwm-pj3p-43mv https://github.com/advisories/GHSA-mmx7-hfxf-jppx https://github.com/advisories/GHSA-7q8q-rj6j-mhjq,
npm_smartwizard,bl,moderate,node_modules/bl,not installed at path,,https://github.com/advisories/GHSA-pp7h-53gx-mx7r,
npm_smartwizard,body-parser,high,node_modules/body-parser,not installed at path,,https://github.com/advisories/GHSA-qwcr-r2fm-qrc7 https://github.com/advisories/GHSA-v422-hmwv-36x6,qs
npm_smartwizard,boom,high,node_modules/boom,not installed at path,,,hoek
npm_smartwizard,bower,critical,node_modules/bower-installer/node_modules/bower,not installed at path,,https://github.com/advisories/GHSA-p6mr-pxg4-68hx,bower-config bower-json bower-registry-client decompress-zip glob handlebars inquirer insight mkdirp mout request semver shell-quote tar-fs tmp update-notifier
npm_smartwizard,bower-config,critical,node_modules/bower-config,not installed at path,,,mout optimist
npm_smartwizard,bower-json,critical,node_modules/bower-json,not installed at path,,,deep-extend
npm_smartwizard,bower-registry-client,high,node_modules/bower-registry-client,not installed at path,,,bower-config request
npm_smartwizard,brace-expansion,high,node_modules/brace-expansion,not installed at path,,https://github.com/advisories/GHSA-v6h2-p8h4-qcjw https://github.com/advisories/GHSA-f886-m6hf-6m8v https://github.com/advisories/GHSA-3jxr-9vmj-r5cp https://github.com/advisories/GHSA-mh99-v99m-4gvg https://github.com/advisories/GHSA-rgw5-rvv9-x895,
npm_smartwizard,braces,high,node_modules/anymatch/node_modules/braces,not installed at path,,https://github.com/advisories/GHSA-grv7-fg5c-xmjg,
npm_smartwizard,braces,high,node_modules/braces,not installed at path,,https://github.com/advisories/GHSA-grv7-fg5c-xmjg,
npm_smartwizard,braces,high,node_modules/chokidar/node_modules/braces,not installed at path,,https://github.com/advisories/GHSA-grv7-fg5c-xmjg,
npm_smartwizard,braces,high,node_modules/findup-sync/node_modules/braces,not installed at path,,https://github.com/advisories/GHSA-grv7-fg5c-xmjg,
npm_smartwizard,braces,high,node_modules/matchdep/node_modules/braces,not installed at path,,https://github.com/advisories/GHSA-grv7-fg5c-xmjg,
npm_smartwizard,braces,high,node_modules/readdirp/node_modules/braces,not installed at path,,https://github.com/advisories/GHSA-grv7-fg5c-xmjg,
npm_smartwizard,browser-sync,high,node_modules/browser-sync,not installed at path,,,eazy-logger localtunnel qs send serve-static ua-parser-js
npm_smartwizard,browserslist,high,node_modules/browserslist,not installed at path,,https://github.com/advisories/GHSA-c83g-rgw3-j3cx https://github.com/advisories/GHSA-73wf-gq98-2v4g,
npm_smartwizard,chokidar,high,node_modules/chokidar,not installed at path,,,anymatch braces readdirp
npm_smartwizard,configstore,moderate,node_modules/configstore,not installed at path,,,uuid
npm_smartwizard,cookie,low,node_modules/cookie,not installed at path,,https://github.com/advisories/GHSA-pxg6-pf52-xh8x,
npm_smartwizard,core-js-compat,high,node_modules/core-js-compat,not installed at path,,,semver
npm_smartwizard,cryptiles,high,node_modules/cryptiles,not installed at path,,,boom
npm_smartwizard,decode-uri-component,high,node_modules/decode-uri-component,not installed at path,,https://github.com/advisories/GHSA-w573-4hg7-7wgq https://github.com/advisories/GHSA-vcc3-ghjq-m6fr,
npm_smartwizard,decompress-zip,high,node_modules/decompress-zip,not installed at path,,https://github.com/advisories/GHSA-73v8-v6g4-vrpm,
npm_smartwizard,deep-extend,critical,node_modules/deep-extend,not installed at path,,https://github.com/advisories/GHSA-hr2v-3952-633q,
npm_smartwizard,eazy-logger,high,node_modules/eazy-logger,not installed at path,,https://github.com/advisories/GHSA-r7jx-5m6m-cpg9,
npm_smartwizard,engine.io,high,node_modules/engine.io,not installed at path,,https://github.com/advisories/GHSA-r7qp-cfhv-p84w https://github.com/advisories/GHSA-q9mw-68c2-j6m5 https://github.com/advisories/GHSA-r635-g3xr-vw7x,cookie ws
npm_smartwizard,engine.io-client,high,node_modules/engine.io-client,not installed at path,,,ws
npm_smartwizard,es5-ext,low,node_modules/es5-ext,not installed at path,,https://github.com/advisories/GHSA-4gmj-3p3h-gm8h,
npm_smartwizard,findup-sync,moderate,node_modules/findup-sync,not installed at path,,,micromatch
npm_smartwizard,findup-sync,moderate,node_modules/matchdep/node_modules/findup-sync,not installed at path,,,micromatch
npm_smartwizard,flatted,high,node_modules/flatted,not installed at path,,https://github.com/advisories/GHSA-25h7-pfq9-p65f https://github.com/advisories/GHSA-rf6f-7fwh-wjgh,
npm_smartwizard,follow-redirects,moderate,node_modules/follow-redirects,not installed at path,,https://github.com/advisories/GHSA-cxjh-pqwp-8mfp https://github.com/advisories/GHSA-jchw-25xp-jwwc https://github.com/advisories/GHSA-r4q5-vmmm-2653,
npm_smartwizard,form-data,critical,node_modules/bower-installer/node_modules/form-data,not installed at path,,https://github.com/advisories/GHSA-fjxv-7rqg-78g4 https://github.com/advisories/GHSA-hmw2-7cc7-3qxx,mime
npm_smartwizard,form-data,critical,node_modules/bower-registry-client/node_modules/form-data,not installed at path,,https://github.com/advisories/GHSA-fjxv-7rqg-78g4 https://github.com/advisories/GHSA-hmw2-7cc7-3qxx,mime
npm_smartwizard,form-data,critical,node_modules/form-data,not installed at path,,https://github.com/advisories/GHSA-fjxv-7rqg-78g4 https://github.com/advisories/GHSA-hmw2-7cc7-3qxx,mime
npm_smartwizard,glob,high,node_modules/bower-installer/node_modules/bower/node_modules/glob,not installed at path,,,minimatch
npm_smartwizard,glob,high,node_modules/bower-installer/node_modules/glob,not installed at path,,,minimatch
npm_smartwizard,glob-watcher,high,node_modules/glob-watcher,not installed at path,,,anymatch chokidar
npm_smartwizard,got,moderate,node_modules/got,not installed at path,,https://github.com/advisories/GHSA-pfrx-2q88-qq97,
npm_smartwizard,gulp,high,node_modules/gulp,not installed at path,,,glob-watcher gulp-cli
npm_smartwizard,gulp-cli,moderate,node_modules/gulp/node_modules/gulp-cli,not installed at path,,,liftoff matchdep
npm_smartwizard,handlebars,critical,node_modules/handlebars,not installed at path,,https://github.com/advisories/GHSA-q2c6-c6pm-g3gh https://github.com/advisories/GHSA-g9r4-xpmj-mj65 https://github.com/advisories/GHSA-9prh-257w-9277 https://github.com/advisories/GHSA-f2jv-r9rf-7988 https://github.com/advisories/GHSA-3cqr-58rm-57f8 https://github.com/advisories/GHSA-q42p-pg8m-cqh6 https://github.com/advisories/GHSA-2cf5-4w76-r9qv https://github.com/advisories/GHSA-w457-6q6x-cgp9 https://github.com/advisories/GHSA-765h-qjxv-5f44,uglify-js
npm_smartwizard,hawk,high,node_modules/hawk,not installed at path,,https://github.com/advisories/GHSA-jcpv-g9rr-qxrc https://github.com/advisories/GHSA-44pw-h2cw-w3vq,boom cryptiles hoek sntp
npm_smartwizard,hoek,high,node_modules/hoek,not installed at path,,https://github.com/advisories/GHSA-c429-5p7v-vgjp https://github.com/advisories/GHSA-jp4x-w63m-7wgm,
npm_smartwizard,immutable,high,node_modules/immutable,not installed at path,,https://github.com/advisories/GHSA-wf6x-7x77-mvgw https://github.com/advisories/GHSA-wf6x-7x77-mvgw https://github.com/advisories/GHSA-v56q-mh7h-f735 https://github.com/advisories/GHSA-xvcm-6775-5m9r https://github.com/advisories/GHSA-xvcm-6775-5m9r,
npm_smartwizard,immutable,high,node_modules/sass/node_modules/immutable,not installed at path,,https://github.com/advisories/GHSA-wf6x-7x77-mvgw https://github.com/advisories/GHSA-wf6x-7x77-mvgw https://github.com/advisories/GHSA-v56q-mh7h-f735 https://github.com/advisories/GHSA-xvcm-6775-5m9r https://github.com/advisories/GHSA-xvcm-6775-5m9r,
npm_smartwizard,inquirer,moderate,node_modules/inquirer,not installed at path,,,lodash
npm_smartwizard,inquirer,moderate,node_modules/insight/node_modules/inquirer,not installed at path,,,lodash
npm_smartwizard,insight,high,node_modules/insight,not installed at path,,,configstore inquirer request tough-cookie
npm_smartwizard,js-yaml,high,node_modules/js-yaml,not installed at path,,https://github.com/advisories/GHSA-mh29-5h37-fv8m https://github.com/advisories/GHSA-h67p-54hq-rp68 https://github.com/advisories/GHSA-52cp-r559-cp3m https://github.com/advisories/GHSA-5p4m-2wfm-xmqj,
npm_smartwizard,jshint,high,node_modules/jshint,not installed at path,,,minimatch
npm_smartwizard,json5,high,node_modules/json5,not installed at path,,https://github.com/advisories/GHSA-9c47-m6qq-7p4h,
npm_smartwizard,latest-version,moderate,node_modules/latest-version,not installed at path,,,package-json
npm_smartwizard,liftoff,moderate,node_modules/liftoff,not installed at path,,,findup-sync
npm_smartwizard,localtunnel,high,node_modules/localtunnel,not installed at path,,,axios
npm_smartwizard,lodash,critical,node_modules/bower-installer/node_modules/lodash,not installed at path,,https://github.com/advisories/GHSA-fvqr-27wr-82fm https://github.com/advisories/GHSA-35jh-r3h4-6jhm https://github.com/advisories/GHSA-4xc9-xhrj-v574 https://github.com/advisories/GHSA-jf85-cpcp-j695 https://github.com/advisories/GHSA-r5fr-rjxr-66jc https://github.com/advisories/GHSA-f23m-r3pf-42rh https://github.com/advisories/GHSA-xxjr-mmjv-4gpg,
npm_smartwizard,lodash,critical,node_modules/inquirer/node_modules/lodash,not installed at path,,https://github.com/advisories/GHSA-fvqr-27wr-82fm https://github.com/advisories/GHSA-35jh-r3h4-6jhm https://github.com/advisories/GHSA-4xc9-xhrj-v574 https://github.com/advisories/GHSA-jf85-cpcp-j695 https://github.com/advisories/GHSA-r5fr-rjxr-66jc https://github.com/advisories/GHSA-f23m-r3pf-42rh https://github.com/advisories/GHSA-xxjr-mmjv-4gpg,
npm_smartwizard,lodash,critical,node_modules/insight/node_modules/lodash,not installed at path,,https://github.com/advisories/GHSA-fvqr-27wr-82fm https://github.com/advisories/GHSA-35jh-r3h4-6jhm https://github.com/advisories/GHSA-4xc9-xhrj-v574 https://github.com/advisories/GHSA-jf85-cpcp-j695 https://github.com/advisories/GHSA-r5fr-rjxr-66jc https://github.com/advisories/GHSA-f23m-r3pf-42rh https://github.com/advisories/GHSA-xxjr-mmjv-4gpg,
npm_smartwizard,lodash,critical,node_modules/lodash,not installed at path,,https://github.com/advisories/GHSA-fvqr-27wr-82fm https://github.com/advisories/GHSA-35jh-r3h4-6jhm https://github.com/advisories/GHSA-4xc9-xhrj-v574 https://github.com/advisories/GHSA-jf85-cpcp-j695 https://github.com/advisories/GHSA-r5fr-rjxr-66jc https://github.com/advisories/GHSA-f23m-r3pf-42rh https://github.com/advisories/GHSA-xxjr-mmjv-4gpg,
npm_smartwizard,matchdep,moderate,node_modules/matchdep,not installed at path,,,findup-sync micromatch
npm_smartwizard,micromatch,high,node_modules/anymatch/node_modules/micromatch,not installed at path,,https://github.com/advisories/GHSA-952p-6rrq-rcjv,braces
npm_smartwizard,micromatch,high,node_modules/findup-sync/node_modules/micromatch,not installed at path,,https://github.com/advisories/GHSA-952p-6rrq-rcjv,braces
npm_smartwizard,micromatch,high,node_modules/matchdep/node_modules/micromatch,not installed at path,,https://github.com/advisories/GHSA-952p-6rrq-rcjv,braces
npm_smartwizard,micromatch,high,node_modules/micromatch,not installed at path,,https://github.com/advisories/GHSA-952p-6rrq-rcjv,braces
npm_smartwizard,micromatch,high,node_modules/readdirp/node_modules/micromatch,not installed at path,,https://github.com/advisories/GHSA-952p-6rrq-rcjv,braces
npm_smartwizard,mime,high,node_modules/bower-installer/node_modules/mime,not installed at path,,https://github.com/advisories/GHSA-wrvr-8mpx-r7pp,
npm_smartwizard,minimatch,high,node_modules/bower-installer/node_modules/glob/node_modules/minimatch,not installed at path,,https://github.com/advisories/GHSA-hxm2-r34f-qmc5 https://github.com/advisories/GHSA-f8q6-p94x-37v3 https://github.com/advisories/GHSA-3ppc-4f35-3m26 https://github.com/advisories/GHSA-7r86-cg39-jmmj https://github.com/advisories/GHSA-23c5-xmqv-rm74,
npm_smartwizard,minimatch,high,node_modules/bower-installer/node_modules/minimatch,not installed at path,,https://github.com/advisories/GHSA-hxm2-r34f-qmc5 https://github.com/advisories/GHSA-f8q6-p94x-37v3 https://github.com/advisories/GHSA-3ppc-4f35-3m26 https://github.com/advisories/GHSA-7r86-cg39-jmmj https://github.com/advisories/GHSA-23c5-xmqv-rm74,
npm_smartwizard,minimatch,high,node_modules/glob/node_modules/minimatch,not installed at path,,https://github.com/advisories/GHSA-hxm2-r34f-qmc5 https://github.com/advisories/GHSA-f8q6-p94x-37v3 https://github.com/advisories/GHSA-3ppc-4f35-3m26 https://github.com/advisories/GHSA-7r86-cg39-jmmj https://github.com/advisories/GHSA-23c5-xmqv-rm74,
npm_smartwizard,minimatch,high,node_modules/minimatch,not installed at path,,https://github.com/advisories/GHSA-hxm2-r34f-qmc5 https://github.com/advisories/GHSA-f8q6-p94x-37v3 https://github.com/advisories/GHSA-3ppc-4f35-3m26 https://github.com/advisories/GHSA-7r86-cg39-jmmj https://github.com/advisories/GHSA-23c5-xmqv-rm74,
npm_smartwizard,minimist,critical,node_modules/bower-installer/node_modules/minimist,not installed at path,,https://github.com/advisories/GHSA-vh95-rmgr-6w4m https://github.com/advisories/GHSA-xvch-5gv4-984h,
npm_smartwizard,minimist,critical,node_modules/optimist/node_modules/minimist,not installed at path,,https://github.com/advisories/GHSA-vh95-rmgr-6w4m https://github.com/advisories/GHSA-xvch-5gv4-984h,
npm_smartwizard,mkdirp,critical,node_modules/bower-installer/node_modules/bower/node_modules/mkdirp,not installed at path,,,minimist
npm_smartwizard,mout,high,node_modules/mout,not installed at path,,https://github.com/advisories/GHSA-pc58-wgmc-hfjr https://github.com/advisories/GHSA-vvv8-xw5f-3f88,
npm_smartwizard,nanoid,high,node_modules/nanoid,not installed at path,,https://github.com/advisories/GHSA-mwcw-c2x4-8c55 https://github.com/advisories/GHSA-28wg-ghj8-5hjv https://github.com/advisories/GHSA-2v37-7h3g-55p8 https://github.com/advisories/GHSA-xwg4-73v4-xw9w,
npm_smartwizard,npmconf,high,node_modules/npmconf,not installed at path,,,semver
npm_smartwizard,optimist,critical,node_modules/optimist,not installed at path,,,minimist
npm_smartwizard,package-json,high,node_modules/package-json,not installed at path,,,got registry-url
npm_smartwizard,picomatch,high,node_modules/picomatch,not installed at path,,https://github.com/advisories/GHSA-3v7f-55p6-f55p https://github.com/advisories/GHSA-c2c7-rcm5-vvqj,
npm_smartwizard,postcss,high,node_modules/postcss,not installed at path,,https://github.com/advisories/GHSA-7fh5-64p2-3v2j https://github.com/advisories/GHSA-qx2v-qp2m-jg93 https://github.com/advisories/GHSA-6g55-p6wh-862q https://github.com/advisories/GHSA-fxqj-rqcc-2cmp https://github.com/advisories/GHSA-r28c-9q8g-f849,
npm_smartwizard,qs,high,node_modules/body-parser/node_modules/qs,not installed at path,,https://github.com/advisories/GHSA-gqgv-6jq5-jjj9 https://github.com/advisories/GHSA-hrpp-h998-j3pp https://github.com/advisories/GHSA-hrpp-h998-j3pp https://github.com/advisories/GHSA-hrpp-h998-j3pp https://github.com/advisories/GHSA-w7fw-mjwx-w883 https://github.com/advisories/GHSA-6rw7-vpxm-498p https://github.com/advisories/GHSA-4mjr-xmp4-gh2g,
npm_smartwizard,qs,high,node_modules/bower-installer/node_modules/qs,not installed at path,,https://github.com/advisories/GHSA-gqgv-6jq5-jjj9 https://github.com/advisories/GHSA-hrpp-h998-j3pp https://github.com/advisories/GHSA-hrpp-h998-j3pp https://github.com/advisories/GHSA-hrpp-h998-j3pp https://github.com/advisories/GHSA-w7fw-mjwx-w883 https://github.com/advisories/GHSA-6rw7-vpxm-498p https://github.com/advisories/GHSA-4mjr-xmp4-gh2g,
npm_smartwizard,qs,high,node_modules/bower-registry-client/node_modules/qs,not installed at path,,https://github.com/advisories/GHSA-gqgv-6jq5-jjj9 https://github.com/advisories/GHSA-hrpp-h998-j3pp https://github.com/advisories/GHSA-hrpp-h998-j3pp https://github.com/advisories/GHSA-hrpp-h998-j3pp https://github.com/advisories/GHSA-w7fw-mjwx-w883 https://github.com/advisories/GHSA-6rw7-vpxm-498p https://github.com/advisories/GHSA-4mjr-xmp4-gh2g,
npm_smartwizard,qs,high,node_modules/browser-sync/node_modules/qs,not installed at path,,https://github.com/advisories/GHSA-gqgv-6jq5-jjj9 https://github.com/advisories/GHSA-hrpp-h998-j3pp https://github.com/advisories/GHSA-hrpp-h998-j3pp https://github.com/advisories/GHSA-hrpp-h998-j3pp https://github.com/advisories/GHSA-w7fw-mjwx-w883 https://github.com/advisories/GHSA-6rw7-vpxm-498p https://github.com/advisories/GHSA-4mjr-xmp4-gh2g,
npm_smartwizard,qs,high,node_modules/qs,not installed at path,,https://github.com/advisories/GHSA-gqgv-6jq5-jjj9 https://github.com/advisories/GHSA-hrpp-h998-j3pp https://github.com/advisories/GHSA-hrpp-h998-j3pp https://github.com/advisories/GHSA-hrpp-h998-j3pp https://github.com/advisories/GHSA-w7fw-mjwx-w883 https://github.com/advisories/GHSA-6rw7-vpxm-498p https://github.com/advisories/GHSA-4mjr-xmp4-gh2g,
npm_smartwizard,readdirp,moderate,node_modules/readdirp,not installed at path,,,micromatch
npm_smartwizard,registry-url,high,node_modules/registry-url,not installed at path,,,npmconf
npm_smartwizard,request,critical,node_modules/bower-installer/node_modules/request,not installed at path,,https://github.com/advisories/GHSA-7xfp-9c55-5vqj https://github.com/advisories/GHSA-7xfp-9c55-5vqj https://github.com/advisories/GHSA-p8p7-x288-28g6,bl form-data hawk qs tough-cookie tunnel-agent uuid
npm_smartwizard,request,critical,node_modules/bower-registry-client/node_modules/request,not installed at path,,https://github.com/advisories/GHSA-7xfp-9c55-5vqj https://github.com/advisories/GHSA-7xfp-9c55-5vqj https://github.com/advisories/GHSA-p8p7-x288-28g6,bl form-data hawk qs tough-cookie tunnel-agent uuid
npm_smartwizard,request,critical,node_modules/request,not installed at path,,https://github.com/advisories/GHSA-7xfp-9c55-5vqj https://github.com/advisories/GHSA-7xfp-9c55-5vqj https://github.com/advisories/GHSA-p8p7-x288-28g6,bl form-data hawk qs tough-cookie tunnel-agent uuid
npm_smartwizard,semver,high,node_modules/@babel/core/node_modules/semver,not installed at path,,https://github.com/advisories/GHSA-c2qf-rxjj-qqgw https://github.com/advisories/GHSA-c2qf-rxjj-qqgw https://github.com/advisories/GHSA-c2qf-rxjj-qqgw https://github.com/advisories/GHSA-x6fg-f45m-jf5q,
npm_smartwizard,semver,high,node_modules/@babel/helper-compilation-targets/node_modules/semver,not installed at path,,https://github.com/advisories/GHSA-c2qf-rxjj-qqgw https://github.com/advisories/GHSA-c2qf-rxjj-qqgw https://github.com/advisories/GHSA-c2qf-rxjj-qqgw https://github.com/advisories/GHSA-x6fg-f45m-jf5q,
npm_smartwizard,semver,high,node_modules/@babel/helper-define-polyfill-provider/node_modules/semver,not installed at path,,https://github.com/advisories/GHSA-c2qf-rxjj-qqgw https://github.com/advisories/GHSA-c2qf-rxjj-qqgw https://github.com/advisories/GHSA-c2qf-rxjj-qqgw https://github.com/advisories/GHSA-x6fg-f45m-jf5q,
npm_smartwizard,semver,high,node_modules/@babel/preset-env/node_modules/semver,not installed at path,,https://github.com/advisories/GHSA-c2qf-rxjj-qqgw https://github.com/advisories/GHSA-c2qf-rxjj-qqgw https://github.com/advisories/GHSA-c2qf-rxjj-qqgw https://github.com/advisories/GHSA-x6fg-f45m-jf5q,
npm_smartwizard,semver,high,node_modules/babel-plugin-polyfill-corejs2/node_modules/semver,not installed at path,,https://github.com/advisories/GHSA-c2qf-rxjj-qqgw https://github.com/advisories/GHSA-c2qf-rxjj-qqgw https://github.com/advisories/GHSA-c2qf-rxjj-qqgw https://github.com/advisories/GHSA-x6fg-f45m-jf5q,
npm_smartwizard,semver,high,node_modules/bower-installer/node_modules/semver,not installed at path,,https://github.com/advisories/GHSA-c2qf-rxjj-qqgw https://github.com/advisories/GHSA-c2qf-rxjj-qqgw https://github.com/advisories/GHSA-c2qf-rxjj-qqgw https://github.com/advisories/GHSA-x6fg-f45m-jf5q,
npm_smartwizard,semver,high,node_modules/core-js-compat/node_modules/semver,not installed at path,,https://github.com/advisories/GHSA-c2qf-rxjj-qqgw https://github.com/advisories/GHSA-c2qf-rxjj-qqgw https://github.com/advisories/GHSA-c2qf-rxjj-qqgw https://github.com/advisories/GHSA-x6fg-f45m-jf5q,
npm_smartwizard,semver,high,node_modules/npmconf/node_modules/semver,not installed at path,,https://github.com/advisories/GHSA-c2qf-rxjj-qqgw https://github.com/advisories/GHSA-c2qf-rxjj-qqgw https://github.com/advisories/GHSA-c2qf-rxjj-qqgw https://github.com/advisories/GHSA-x6fg-f45m-jf5q,
npm_smartwizard,semver,high,node_modules/semver,not installed at path,,https://github.com/advisories/GHSA-c2qf-rxjj-qqgw https://github.com/advisories/GHSA-c2qf-rxjj-qqgw https://github.com/advisories/GHSA-c2qf-rxjj-qqgw https://github.com/advisories/GHSA-x6fg-f45m-jf5q,
npm_smartwizard,semver,high,node_modules/semver-diff/node_modules/semver,not installed at path,,https://github.com/advisories/GHSA-c2qf-rxjj-qqgw https://github.com/advisories/GHSA-c2qf-rxjj-qqgw https://github.com/advisories/GHSA-c2qf-rxjj-qqgw https://github.com/advisories/GHSA-x6fg-f45m-jf5q,
npm_smartwizard,semver-diff,high,node_modules/semver-diff,not installed at path,,,semver
npm_smartwizard,send,low,node_modules/send,not installed at path,,https://github.com/advisories/GHSA-m6fv-jmcg-4jfg,
npm_smartwizard,serve-static,low,node_modules/serve-static,not installed at path,,https://github.com/advisories/GHSA-cm22-4g7w-348p,send
npm_smartwizard,shell-quote,critical,node_modules/shell-quote,not installed at path,,https://github.com/advisories/GHSA-qg8p-v9q4-gh34 https://github.com/advisories/GHSA-w7jw-789q-3m8p https://github.com/advisories/GHSA-395f-4hp3-45gv,
npm_smartwizard,sntp,high,node_modules/sntp,not installed at path,,,hoek
npm_smartwizard,socket.io,moderate,node_modules/socket.io,not installed at path,,https://github.com/advisories/GHSA-25hc-qcg6-38wj,engine.io socket.io-parser
npm_smartwizard,socket.io-client,high,node_modules/socket.io-client,not installed at path,,,engine.io-client
npm_smartwizard,socket.io-parser,critical,node_modules/socket.io-client/node_modules/socket.io-parser,not installed at path,,https://github.com/advisories/GHSA-qm95-pgcg-qqfq https://github.com/advisories/GHSA-qm95-pgcg-qqfq https://github.com/advisories/GHSA-cqmj-92xf-r6r9 https://github.com/advisories/GHSA-677m-j7p3-52f9 https://github.com/advisories/GHSA-2m8v-j782-fhvr,
npm_smartwizard,socket.io-parser,critical,node_modules/socket.io-parser,not installed at path,,https://github.com/advisories/GHSA-qm95-pgcg-qqfq https://github.com/advisories/GHSA-qm95-pgcg-qqfq https://github.com/advisories/GHSA-cqmj-92xf-r6r9 https://github.com/advisories/GHSA-677m-j7p3-52f9 https://github.com/advisories/GHSA-2m8v-j782-fhvr,
npm_smartwizard,source-map-resolve,moderate,node_modules/source-map-resolve,not installed at path,,,decode-uri-component
npm_smartwizard,tar-fs,high,node_modules/tar-fs,not installed at path,,https://github.com/advisories/GHSA-x2mc-8fgj-3wmr https://github.com/advisories/GHSA-vj76-c3g6-qr5v https://github.com/advisories/GHSA-8cj5-5rvv-wf4v https://github.com/advisories/GHSA-pq67-2wwv-3xjx,tar-stream
npm_smartwizard,tar-stream,moderate,node_modules/tar-stream,not installed at path,,,bl
npm_smartwizard,tmp,high,node_modules/bower-installer/node_modules/tmp,not installed at path,,https://github.com/advisories/GHSA-52f5-9888-hmc6 https://github.com/advisories/GHSA-ph9p-34f9-6g65,
npm_smartwizard,tmp,high,node_modules/tmp,not installed at path,,https://github.com/advisories/GHSA-52f5-9888-hmc6 https://github.com/advisories/GHSA-ph9p-34f9-6g65,
npm_smartwizard,tough-cookie,high,node_modules/insight/node_modules/tough-cookie,not installed at path,,https://github.com/advisories/GHSA-qhv9-728r-6jqg https://github.com/advisories/GHSA-g7q5-pjjr-gqvp https://github.com/advisories/GHSA-72xf-g2v4-qvf3,
npm_smartwizard,tough-cookie,high,node_modules/tough-cookie,not installed at path,,https://github.com/advisories/GHSA-qhv9-728r-6jqg https://github.com/advisories/GHSA-g7q5-pjjr-gqvp https://github.com/advisories/GHSA-72xf-g2v4-qvf3,
npm_smartwizard,tunnel-agent,moderate,node_modules/bower-installer/node_modules/tunnel-agent,not installed at path,,https://github.com/advisories/GHSA-xc7v-wxcw-j472,
npm_smartwizard,tunnel-agent,moderate,node_modules/bower-registry-client/node_modules/tunnel-agent,not installed at path,,https://github.com/advisories/GHSA-xc7v-wxcw-j472,
npm_smartwizard,ua-parser-js,high,node_modules/karma/node_modules/ua-parser-js,not installed at path,,https://github.com/advisories/GHSA-fhg7-m89q-25r3 https://github.com/advisories/GHSA-fhg7-m89q-25r3,
npm_smartwizard,ua-parser-js,high,node_modules/ua-parser-js,not installed at path,,https://github.com/advisories/GHSA-fhg7-m89q-25r3 https://github.com/advisories/GHSA-fhg7-m89q-25r3,
npm_smartwizard,uglify-js,critical,node_modules/handlebars/node_modules/uglify-js,not installed at path,,https://github.com/advisories/GHSA-c9f4-xj24-8jqx https://github.com/advisories/GHSA-34r7-q49f-h37c,
npm_smartwizard,update-notifier,high,node_modules/update-notifier,not installed at path,,,configstore latest-version semver-diff
npm_smartwizard,uuid,moderate,node_modules/configstore/node_modules/uuid,not installed at path,,https://github.com/advisories/GHSA-w5hq-g745-h8pq,
npm_smartwizard,uuid,moderate,node_modules/uuid,not installed at path,,https://github.com/advisories/GHSA-w5hq-g745-h8pq,
npm_smartwizard,ws,high,node_modules/ws,not installed at path,,https://github.com/advisories/GHSA-3h5v-q93c-6h6q https://github.com/advisories/GHSA-58qx-3vcg-4xpx https://github.com/advisories/GHSA-96hv-2xvq-fx4p,
npm_smartwizard,yaml,moderate,node_modules/yaml,not installed at path,,https://github.com/advisories/GHSA-48c2-rrv3-qjmp,
