ecosystem,package,git_or_lock_version,installed_version
composer,anourvalar/eloquent-serialize,1.3.8,1.3.10
composer,composer/ca-bundle,1.5.11,1.5.12
composer,composer/pcre,3.3.2,3.4.0
composer,filament/actions,v3.3.50,v3.3.54
composer,filament/filament,v3.3.50,v3.3.54
composer,filament/forms,v3.3.50,v3.3.54
composer,filament/infolists,v3.3.50,v3.3.54
composer,filament/notifications,v3.3.50,v3.3.54
composer,filament/spatie-laravel-tags-plugin,v3.3.50,v3.3.54
composer,filament/support,v3.3.50,v3.3.54
composer,filament/tables,v3.3.50,v3.3.54
composer,filament/widgets,v3.3.50,v3.3.54
composer,guzzlehttp/guzzle,7.10.0,7.12.1
composer,guzzlehttp/promises,2.3.0,2.5.0
composer,guzzlehttp/psr7,2.9.0,2.12.1
composer,guzzlehttp/uri-template,v1.0.5,v1.0.7
composer,horstoeko/zugferd,v1.0.122,v1.0.123
composer,laravel/pint,v1.29.1,v1.29.3
composer,laravel/sail,v1.59.0,v1.62.0
composer,league/flysystem,3.34.0,3.35.0
composer,livewire/livewire,v3.8.0,v3.8.1
composer,phpoffice/phpspreadsheet,1.30.4,1.30.5
composer,psy/psysh,v0.12.22,v0.12.23
composer,ramsey/uuid,4.9.2,4.9.3
composer,sentry/sentry,4.27.0,4.28.0
composer,sentry/sentry-laravel,4.25.1,4.26.0
composer,setasign/fpdf,1.8.6,1.9.0
composer,setasign/fpdi,v2.6.7,v2.6.8
composer,spatie/image,3.9.4,3.9.5
composer,spatie/laravel-package-tools,1.93.0,1.93.1
composer,spatie/laravel-tags,4.11.0,4.12.0
composer,spatie/pdf-to-image,2.3.0,3.2.0
composer,spatie/temporary-directory,2.3.1,2.4.0
composer,symfony/console,v6.4.39,v6.4.41
composer,symfony/dom-crawler,v6.4.34,v6.4.40
composer,symfony/html-sanitizer,v7.4.8,v7.4.13
composer,symfony/http-client,v6.4.37,v6.4.41
composer,symfony/http-foundation,v6.4.35,v6.4.41
composer,symfony/http-kernel,v6.4.39,v6.4.41
composer,symfony/mailer,v6.4.34,v6.4.40
composer,symfony/mime,v6.4.37,v6.4.41
composer,symfony/polyfill-intl-grapheme,v1.37.0,v1.38.1
composer,symfony/polyfill-intl-idn,v1.37.0,v1.38.1
composer,symfony/polyfill-intl-normalizer,v1.37.0,v1.38.0
composer,symfony/polyfill-mbstring,v1.37.0,v1.38.2
composer,symfony/polyfill-php83,v1.37.0,v1.38.2
composer,symfony/process,v6.4.39,v6.4.41
composer,symfony/routing,v6.4.37,v6.4.41
composer,symfony/string,v7.4.11,v7.4.13
composer,symfony/yaml,v7.4.11,v7.4.13
composer,tecnickcom/tc-lib-barcode,2.5.0,2.10.0
composer,tecnickcom/tc-lib-color,2.6.0,2.11.0
composer,tecnickcom/tc-lib-file,2.6.1,3.5.0
composer,tecnickcom/tc-lib-pdf,8.23.0,8.62.0
composer,tecnickcom/tc-lib-pdf-encrypt,2.3.0,2.7.0
composer,tecnickcom/tc-lib-pdf-filter,2.2.0,2.8.0
composer,tecnickcom/tc-lib-pdf-font,2.13.0,3.7.0
composer,tecnickcom/tc-lib-pdf-graph,2.5.0,2.13.0
composer,tecnickcom/tc-lib-pdf-image,2.3.0,3.10.0
composer,tecnickcom/tc-lib-pdf-page,4.4.0,4.12.0
composer,tecnickcom/tc-lib-pdf-parser,3.2.0,3.12.0
composer,tecnickcom/tc-lib-unicode,2.2.0,2.9.0
composer,tecnickcom/tc-lib-unicode-data,2.1.0,2.5.0
composer,webmozart/assert,2.3.0,2.4.1
npm,node_modules/@babel/code-frame,7.29.0,7.24.2
npm,node_modules/@babel/helper-validator-identifier,7.28.5,7.22.20
npm,node_modules/@esbuild/aix-ppc64,0.25.12,absent
npm,node_modules/@esbuild/android-arm,0.25.12,absent
npm,node_modules/@esbuild/android-arm64,0.25.12,absent
npm,node_modules/@esbuild/android-x64,0.25.12,absent
npm,node_modules/@esbuild/darwin-arm64,0.25.12,absent
npm,node_modules/@esbuild/darwin-x64,0.25.12,absent
npm,node_modules/@esbuild/freebsd-arm64,0.25.12,absent
npm,node_modules/@esbuild/freebsd-x64,0.25.12,absent
npm,node_modules/@esbuild/linux-arm,0.25.12,absent
npm,node_modules/@esbuild/linux-arm64,0.25.12,absent
npm,node_modules/@esbuild/linux-ia32,0.25.12,absent
npm,node_modules/@esbuild/linux-loong64,0.25.12,absent
npm,node_modules/@esbuild/linux-mips64el,0.25.12,absent
npm,node_modules/@esbuild/linux-ppc64,0.25.12,absent
npm,node_modules/@esbuild/linux-riscv64,0.25.12,absent
npm,node_modules/@esbuild/linux-s390x,0.25.12,absent
npm,node_modules/@esbuild/linux-x64,0.25.12,0.21.5
npm,node_modules/@esbuild/netbsd-arm64,0.25.12,absent
npm,node_modules/@esbuild/netbsd-x64,0.25.12,absent
npm,node_modules/@esbuild/openbsd-arm64,0.25.12,absent
npm,node_modules/@esbuild/openbsd-x64,0.25.12,absent
npm,node_modules/@esbuild/openharmony-arm64,0.25.12,absent
npm,node_modules/@esbuild/sunos-x64,0.25.12,absent
npm,node_modules/@esbuild/win32-arm64,0.25.12,absent
npm,node_modules/@esbuild/win32-ia32,0.25.12,absent
npm,node_modules/@esbuild/win32-x64,0.25.12,absent
npm,node_modules/@jridgewell/gen-mapping,0.3.13,0.3.3
npm,node_modules/@jridgewell/sourcemap-codec,1.5.5,1.4.15
npm,node_modules/@jridgewell/trace-mapping,0.3.31,0.3.22
npm,node_modules/@parcel/watcher,2.5.6,absent
npm,node_modules/@parcel/watcher-android-arm64,2.5.6,absent
npm,node_modules/@parcel/watcher-darwin-arm64,2.5.6,absent
npm,node_modules/@parcel/watcher-darwin-x64,2.5.6,absent
npm,node_modules/@parcel/watcher-freebsd-x64,2.5.6,absent
npm,node_modules/@parcel/watcher-linux-arm-glibc,2.5.6,absent
npm,node_modules/@parcel/watcher-linux-arm-musl,2.5.6,absent
npm,node_modules/@parcel/watcher-linux-arm64-glibc,2.5.6,absent
npm,node_modules/@parcel/watcher-linux-arm64-musl,2.5.6,absent
npm,node_modules/@parcel/watcher-linux-x64-glibc,2.5.6,absent
npm,node_modules/@parcel/watcher-linux-x64-musl,2.5.6,absent
npm,node_modules/@parcel/watcher-win32-arm64,2.5.6,absent
npm,node_modules/@parcel/watcher-win32-ia32,2.5.6,absent
npm,node_modules/@parcel/watcher-win32-x64,2.5.6,absent
npm,node_modules/@rollup/rollup-android-arm-eabi,4.60.0,absent
npm,node_modules/@rollup/rollup-android-arm64,4.60.0,absent
npm,node_modules/@rollup/rollup-darwin-arm64,4.60.0,absent
npm,node_modules/@rollup/rollup-darwin-x64,4.60.0,absent
npm,node_modules/@rollup/rollup-freebsd-arm64,4.60.0,absent
npm,node_modules/@rollup/rollup-freebsd-x64,4.60.0,absent
npm,node_modules/@rollup/rollup-linux-arm-gnueabihf,4.60.0,absent
npm,node_modules/@rollup/rollup-linux-arm-musleabihf,4.60.0,absent
npm,node_modules/@rollup/rollup-linux-arm64-gnu,4.60.0,absent
npm,node_modules/@rollup/rollup-linux-arm64-musl,4.60.0,absent
npm,node_modules/@rollup/rollup-linux-loong64-gnu,4.60.0,absent
npm,node_modules/@rollup/rollup-linux-loong64-musl,4.60.0,absent
npm,node_modules/@rollup/rollup-linux-ppc64-gnu,4.60.0,absent
npm,node_modules/@rollup/rollup-linux-ppc64-musl,4.60.0,absent
npm,node_modules/@rollup/rollup-linux-riscv64-gnu,4.60.0,absent
npm,node_modules/@rollup/rollup-linux-riscv64-musl,4.60.0,absent
npm,node_modules/@rollup/rollup-linux-s390x-gnu,4.60.0,absent
npm,node_modules/@rollup/rollup-linux-x64-gnu,4.60.0,4.28.1
npm,node_modules/@rollup/rollup-linux-x64-musl,4.60.0,4.28.1
npm,node_modules/@rollup/rollup-openbsd-x64,4.60.0,absent
npm,node_modules/@rollup/rollup-openharmony-arm64,4.60.0,absent
npm,node_modules/@rollup/rollup-win32-arm64-msvc,4.60.0,absent
npm,node_modules/@rollup/rollup-win32-ia32-msvc,4.60.0,absent
npm,node_modules/@rollup/rollup-win32-x64-gnu,4.60.0,absent
npm,node_modules/@rollup/rollup-win32-x64-msvc,4.60.0,absent
npm,node_modules/@tailwindcss/forms,0.5.11,0.5.7
npm,node_modules/@tailwindcss/typography,0.5.19,0.5.13
npm,node_modules/@types/estree,1.0.8,1.0.6
npm,node_modules/@types/node,25.5.0,20.12.7
npm,node_modules/agent-base,7.1.4,7.1.3
npm,node_modules/alpinejs,3.15.8,3.13.5
npm,node_modules/ansi-regex,5.0.1,6.0.1
npm,node_modules/ansi-styles,4.3.0,6.2.1
npm,node_modules/anymatch/node_modules/picomatch,2.3.2,absent
npm,node_modules/autoprefixer,10.4.27,10.4.19
npm,node_modules/axe-core,4.11.1,4.10.2
npm,node_modules/axios,1.13.6,1.7.9
npm,node_modules/b4a,1.8.0,1.6.7
npm,node_modules/bare-events,2.8.2,2.5.0
npm,node_modules/bare-fs,4.5.6,2.3.5
npm,node_modules/bare-os,3.8.0,2.4.4
npm,node_modules/bare-path,3.0.0,2.1.3
npm,node_modules/bare-stream,2.11.0,2.6.1
npm,node_modules/bare-url,2.4.0,absent
npm,node_modules/baseline-browser-mapping,2.10.11,absent
npm,node_modules/basic-ftp,5.2.0,5.0.5
npm,node_modules/binary-extensions,2.3.0,2.2.0
npm,node_modules/bootstrap,5.3.8,5.3.3
npm,node_modules/browserslist,4.28.1,4.23.0
npm,node_modules/call-bind-apply-helpers,1.0.2,absent
npm,node_modules/caniuse-lite,1.0.30001781,1.0.30001634
npm,node_modules/chart.js,4.5.1,4.4.7
npm,node_modules/chokidar,4.0.3,3.6.0
npm,node_modules/cosmiconfig,9.0.1,9.0.0
npm,node_modules/debug,4.4.3,4.4.0
npm,node_modules/detect-libc,2.1.2,absent
npm,node_modules/dunder-proto,1.0.1,absent
npm,node_modules/electron-to-chromium,1.5.328,1.4.672
npm,node_modules/emoji-regex,8.0.0,9.2.2
npm,node_modules/end-of-stream,1.4.5,1.4.4
npm,node_modules/error-ex,1.3.4,1.3.2
npm,node_modules/es-define-property,1.0.1,absent
npm,node_modules/es-errors,1.3.0,absent
npm,node_modules/es-object-atoms,1.1.1,absent
npm,node_modules/es-set-tostringtag,2.1.0,absent
npm,node_modules/esbuild,0.25.12,0.21.5
npm,node_modules/escalade,3.2.0,3.1.2
npm,node_modules/events-universal,1.0.1,absent
npm,node_modules/fast-glob,3.3.3,3.3.2
npm,node_modules/fastq,1.20.1,1.17.1
npm,node_modules/fdir,6.5.0,absent
npm,node_modules/follow-redirects,1.15.11,1.15.6
npm,node_modules/form-data,4.0.5,4.0.0
npm,node_modules/fraction.js,5.3.4,4.3.7
npm,node_modules/fsevents,2.3.3,absent
npm,node_modules/get-intrinsic,1.3.0,absent
npm,node_modules/get-proto,1.0.1,absent
npm,node_modules/get-uri,6.0.5,6.0.4
npm,node_modules/gopd,1.2.0,absent
npm,node_modules/has-symbols,1.1.0,absent
npm,node_modules/has-tostringtag,1.0.2,absent
npm,node_modules/hasown,2.0.2,2.0.1
npm,node_modules/immutable,5.1.5,4.3.5
npm,node_modules/import-fresh,3.3.1,3.3.0
npm,node_modules/ip-address,10.1.0,9.0.5
npm,node_modules/is-core-module,2.16.1,2.13.1
npm,node_modules/jiti,1.21.7,1.21.0
npm,node_modules/js-yaml,4.1.1,4.1.0
npm,node_modules/laravel-vite-plugin,1.3.0,1.0.1
npm,node_modules/lilconfig,3.1.3,2.1.0
npm,node_modules/lru-cache,7.18.3,10.2.0
npm,node_modules/math-intrinsics,1.1.0,absent
npm,node_modules/micromatch/node_modules/picomatch,2.3.2,absent
npm,node_modules/nanoid,3.3.11,3.3.8
npm,node_modules/node-addon-api,7.1.1,absent
npm,node_modules/node-releases,2.0.36,2.0.14
npm,node_modules/pac-proxy-agent,7.2.0,7.1.0
npm,node_modules/picomatch,4.0.4,2.3.1
npm,node_modules/pirates,4.0.7,4.0.6
npm,node_modules/postcss,8.5.8,8.4.49
npm,node_modules/postcss-js,4.1.0,4.0.1
npm,node_modules/postcss-load-config,6.0.1,4.0.2
npm,node_modules/postcss-nested,6.2.0,6.0.1
npm,node_modules/postcss-selector-parser,6.1.2,6.1.0
npm,node_modules/prismjs,1.30.0,1.29.0
npm,node_modules/pump,3.0.4,3.0.2
npm,node_modules/readdirp,4.1.2,3.6.0
npm,node_modules/resolve,1.22.11,1.22.8
npm,node_modules/reusify,1.1.0,1.0.4
npm,node_modules/rollup,4.60.0,4.28.1
npm,node_modules/sass,1.98.0,1.77.4
npm,node_modules/semver,7.7.4,7.6.3
npm,node_modules/socks,2.8.7,2.8.3
npm,node_modules/streamx,2.25.0,2.21.1
npm,node_modules/string-width,4.2.3,5.1.2
npm,node_modules/strip-ansi,6.0.1,7.1.0
npm,node_modules/sucrase,3.35.1,3.35.0
npm,node_modules/tailwindcss,3.4.19,3.4.4
npm,node_modules/tailwindcss/node_modules/chokidar,3.6.0,absent
npm,node_modules/tailwindcss/node_modules/chokidar/node_modules/glob-parent,5.1.2,absent
npm,node_modules/tailwindcss/node_modules/picomatch,2.3.2,absent
npm,node_modules/tailwindcss/node_modules/readdirp,3.6.0,absent
npm,node_modules/tar-fs,3.1.2,3.0.6
npm,node_modules/tar-stream,3.1.8,3.1.7
npm,node_modules/teex,1.0.1,absent
npm,node_modules/text-decoder,1.2.7,1.2.3
npm,node_modules/tinyglobby,0.2.15,absent
npm,node_modules/undici-types,7.18.2,5.26.5
npm,node_modules/update-browserslist-db,1.2.3,1.0.13
npm,node_modules/vite,6.4.1,5.4.11
npm,node_modules/vite-plugin-full-reload,1.2.0,1.1.0
npm,node_modules/vite-plugin-full-reload/node_modules/picomatch,2.3.2,absent
npm,node_modules/wrap-ansi,7.0.0,8.1.0
npm,node_modules/ws,8.20.0,8.18.0
